,scene_id,ts_start,ts_end,frame_start,frame_end,Team,#,Nat,SPTSS,FSTSS,TotalScore,Season,Event
0,0,00:06:52.401,00:07:13.602,10310,10840,Shen / Zhao,1,ðŸ‡¨ðŸ‡³,76.66,139.91,216.57,09/10,OLY
1,1,00:07:13.602,00:07:51.762,10840,11794,Shen / Zhao,1,ðŸ‡¨ðŸ‡³,76.66,139.91,216.57,09/10,OLY
2,2,00:07:51.762,00:07:58.882,11794,11972,Shen / Zhao,1,ðŸ‡¨ðŸ‡³,76.66,139.91,216.57,09/10,OLY
3,3,00:07:58.882,00:08:06.002,11972,12150,Shen / Zhao,1,ðŸ‡¨ðŸ‡³,76.66,139.91,216.57,09/10,OLY
4,4,00:08:06.002,00:08:35.842,12150,12896,Shen / Zhao,1,ðŸ‡¨ðŸ‡³,76.66,139.91,216.57,09/10,OLY
5,5,00:08:35.842,00:09:00.602,12896,13515,Shen / Zhao,1,ðŸ‡¨ðŸ‡³,76.66,139.91,216.57,09/10,OLY
6,6,00:09:00.602,00:09:10.362,13515,13759,Shen / Zhao,1,ðŸ‡¨ðŸ‡³,76.66,139.91,216.57,09/10,OLY
7,7,00:12:47.603,00:12:48.203,19190,19205,Sergejeva / Glebov,19,ðŸ‡ªðŸ‡ª,42.18,82.72,124.90,09/10,OLY
8,8,00:12:48.203,00:12:50.963,19205,19274,Sergejeva / Glebov,19,ðŸ‡ªðŸ‡ª,42.18,82.72,124.90,09/10,OLY
9,9,00:12:50.963,00:12:53.123,19274,19328,Sergejeva / Glebov,19,ðŸ‡ªðŸ‡ª,42.18,82.72,124.90,09/10,OLY
10,10,00:12:53.123,00:12:54.123,19328,19353,Sergejeva / Glebov,19,ðŸ‡ªðŸ‡ª,42.18,82.72,124.90,09/10,OLY
11,11,00:12:54.123,00:13:01.443,19353,19536,Sergejeva / Glebov,19,ðŸ‡ªðŸ‡ª,42.18,82.72,124.90,09/10,OLY
12,12,00:13:01.443,00:13:25.363,19536,20134,Sergejeva / Glebov,19,ðŸ‡ªðŸ‡ª,42.18,82.72,124.90,09/10,OLY
13,13,00:13:25.363,00:13:27.603,20134,20190,Sergejeva / Glebov,19,ðŸ‡ªðŸ‡ª,42.18,82.72,124.90,09/10,OLY
14,14,00:13:27.603,00:13:29.243,20190,20231,Sergejeva / Glebov,19,ðŸ‡ªðŸ‡ª,42.18,82.72,124.90,09/10,OLY
15,15,00:13:29.243,00:14:49.363,20231,22234,Sergejeva / Glebov,19,ðŸ‡ªðŸ‡ª,42.18,82.72,124.90,09/10,OLY
16,16,00:14:49.363,00:15:11.123,22234,22778,Sergejeva / Glebov,19,ðŸ‡ªðŸ‡ª,42.18,82.72,124.90,09/10,OLY
17,17,00:19:07.444,00:19:12.044,28686,28801,Sulej / Chruscinski,18,ðŸ‡µðŸ‡±,39.30,86.52,125.82,09/10,OLY
18,18,00:19:12.044,00:19:20.804,28801,29020,Sulej / Chruscinski,18,ðŸ‡µðŸ‡±,39.30,86.52,125.82,09/10,OLY
19,19,00:19:20.804,00:19:24.004,29020,29100,Sulej / Chruscinski,18,ðŸ‡µðŸ‡±,39.30,86.52,125.82,09/10,OLY
20,20,00:19:24.004,00:19:24.724,29100,29118,Sulej / Chruscinski,18,ðŸ‡µðŸ‡±,39.30,86.52,125.82,09/10,OLY
21,21,00:19:24.724,00:19:28.284,29118,29207,Sulej / Chruscinski,18,ðŸ‡µðŸ‡±,39.30,86.52,125.82,09/10,OLY
22,22,00:19:28.284,00:19:29.244,29207,29231,Sulej / Chruscinski,18,ðŸ‡µðŸ‡±,39.30,86.52,125.82,09/10,OLY
23,23,00:19:29.244,00:19:37.564,29231,29439,Sulej / Chruscinski,18,ðŸ‡µðŸ‡±,39.30,86.52,125.82,09/10,OLY
24,24,00:19:37.564,00:20:17.644,29439,30441,Sulej / Chruscinski,18,ðŸ‡µðŸ‡±,39.30,86.52,125.82,09/10,OLY
25,25,00:20:17.644,00:20:20.604,30441,30515,Sulej / Chruscinski,18,ðŸ‡µðŸ‡±,39.30,86.52,125.82,09/10,OLY
26,26,00:20:20.604,00:20:47.444,30515,31186,Sulej / Chruscinski,18,ðŸ‡µðŸ‡±,39.30,86.52,125.82,09/10,OLY
27,27,00:32:33.847,00:32:34.447,48846,48861,Denney / Barrett,13,ðŸ‡ºðŸ‡¸,53.26,105.07,158.33,09/10,OLY
28,28,00:32:34.447,00:32:35.887,48861,48897,Denney / Barrett,13,ðŸ‡ºðŸ‡¸,53.26,105.07,158.33,09/10,OLY
29,29,00:32:35.887,00:32:40.407,48897,49010,Denney / Barrett,13,ðŸ‡ºðŸ‡¸,53.26,105.07,158.33,09/10,OLY
30,30,00:32:40.407,00:32:46.007,49010,49150,Denney / Barrett,13,ðŸ‡ºðŸ‡¸,53.26,105.07,158.33,09/10,OLY
31,31,00:32:46.007,00:32:46.967,49150,49174,Denney / Barrett,13,ðŸ‡ºðŸ‡¸,53.26,105.07,158.33,09/10,OLY
32,32,00:32:46.967,00:32:57.647,49174,49441,Denney / Barrett,13,ðŸ‡ºðŸ‡¸,53.26,105.07,158.33,09/10,OLY
33,33,00:32:57.647,00:33:08.247,49441,49706,Denney / Barrett,13,ðŸ‡ºðŸ‡¸,53.26,105.07,158.33,09/10,OLY
34,34,00:33:08.247,00:33:13.767,49706,49844,Denney / Barrett,13,ðŸ‡ºðŸ‡¸,53.26,105.07,158.33,09/10,OLY
35,35,00:33:13.767,00:33:17.567,49844,49939,Denney / Barrett,13,ðŸ‡ºðŸ‡¸,53.26,105.07,158.33,09/10,OLY
36,36,00:33:17.567,00:34:03.647,49939,51091,Denney / Barrett,13,ðŸ‡ºðŸ‡¸,53.26,105.07,158.33,09/10,OLY
37,37,00:34:03.647,00:34:06.007,51091,51150,Denney / Barrett,13,ðŸ‡ºðŸ‡¸,53.26,105.07,158.33,09/10,OLY
38,38,00:34:06.007,00:34:07.647,51150,51191,Denney / Barrett,13,ðŸ‡ºðŸ‡¸,53.26,105.07,158.33,09/10,OLY
39,39,00:34:07.647,00:34:16.647,51191,51416,Denney / Barrett,13,ðŸ‡ºðŸ‡¸,53.26,105.07,158.33,09/10,OLY
40,40,00:34:16.647,00:34:17.247,51416,51431,Denney / Barrett,13,ðŸ‡ºðŸ‡¸,53.26,105.07,158.33,09/10,OLY
41,41,00:34:17.247,00:34:45.967,51431,52149,Denney / Barrett,13,ðŸ‡ºðŸ‡¸,53.26,105.07,158.33,09/10,OLY
42,42,00:39:00.128,00:39:03.728,58503,58593,Hausch / Wende,17,ðŸ‡©ðŸ‡ª,45.46,93.28,138.74,09/10,OLY
43,43,00:39:03.728,00:39:04.928,58593,58623,Hausch / Wende,17,ðŸ‡©ðŸ‡ª,45.46,93.28,138.74,09/10,OLY
44,44,00:39:04.928,00:39:05.688,58623,58642,Hausch / Wende,17,ðŸ‡©ðŸ‡ª,45.46,93.28,138.74,09/10,OLY
45,45,00:39:05.688,00:39:21.208,58642,59030,Hausch / Wende,17,ðŸ‡©ðŸ‡ª,45.46,93.28,138.74,09/10,OLY
46,46,00:39:21.208,00:39:23.888,59030,59097,Hausch / Wende,17,ðŸ‡©ðŸ‡ª,45.46,93.28,138.74,09/10,OLY
47,47,00:39:23.888,00:39:31.848,59097,59296,Hausch / Wende,17,ðŸ‡©ðŸ‡ª,45.46,93.28,138.74,09/10,OLY
48,48,00:39:31.848,00:39:44.648,59296,59616,Hausch / Wende,17,ðŸ‡©ðŸ‡ª,45.46,93.28,138.74,09/10,OLY
49,49,00:39:44.648,00:39:56.248,59616,59906,Hausch / Wende,17,ðŸ‡©ðŸ‡ª,45.46,93.28,138.74,09/10,OLY
50,50,00:45:48.610,00:45:49.210,68715,68730,James / Bonheur,14,ðŸ‡«ðŸ‡·,51.16,93.94,145.10,09/10,OLY
51,51,00:45:49.210,00:45:49.850,68730,68746,James / Bonheur,14,ðŸ‡«ðŸ‡·,51.16,93.94,145.10,09/10,OLY
52,52,00:45:49.850,00:46:07.090,68746,69177,James / Bonheur,14,ðŸ‡«ðŸ‡·,51.16,93.94,145.10,09/10,OLY
53,53,00:46:07.090,00:46:11.290,69177,69282,James / Bonheur,14,ðŸ‡«ðŸ‡·,51.16,93.94,145.10,09/10,OLY
54,54,00:46:11.290,00:46:20.050,69282,69501,James / Bonheur,14,ðŸ‡«ðŸ‡·,51.16,93.94,145.10,09/10,OLY
55,55,00:46:20.050,00:46:25.650,69501,69641,James / Bonheur,14,ðŸ‡«ðŸ‡·,51.16,93.94,145.10,09/10,OLY
56,56,00:46:25.650,00:46:28.450,69641,69711,James / Bonheur,14,ðŸ‡«ðŸ‡·,51.16,93.94,145.10,09/10,OLY
57,57,00:46:28.450,00:46:54.770,69711,70369,James / Bonheur,14,ðŸ‡«ðŸ‡·,51.16,93.94,145.10,09/10,OLY
58,58,00:46:54.770,00:47:01.930,70369,70548,James / Bonheur,14,ðŸ‡«ðŸ‡·,51.16,93.94,145.10,09/10,OLY
59,59,00:47:01.930,00:47:12.410,70548,70810,James / Bonheur,14,ðŸ‡«ðŸ‡·,51.16,93.94,145.10,09/10,OLY
60,60,00:47:12.410,00:47:29.010,70810,71225,James / Bonheur,14,ðŸ‡«ðŸ‡·,51.16,93.94,145.10,09/10,OLY
61,61,00:47:29.010,00:48:00.050,71225,72001,James / Bonheur,14,ðŸ‡«ðŸ‡·,51.16,93.94,145.10,09/10,OLY
62,62,01:02:30.013,01:02:42.573,93750,94064,Bazarova / Larionov,11,ðŸ‡·ðŸ‡º,56.54,106.96,163.50,09/10,OLY
63,63,01:02:42.573,01:02:54.733,94064,94368,Bazarova / Larionov,11,ðŸ‡·ðŸ‡º,56.54,106.96,163.50,09/10,OLY
64,64,01:02:54.733,01:03:03.933,94368,94598,Bazarova / Larionov,11,ðŸ‡·ðŸ‡º,56.54,106.96,163.50,09/10,OLY
65,65,01:03:03.933,01:03:08.893,94598,94722,Bazarova / Larionov,11,ðŸ‡·ðŸ‡º,56.54,106.96,163.50,09/10,OLY
66,66,01:03:08.893,01:03:18.013,94722,94950,Bazarova / Larionov,11,ðŸ‡·ðŸ‡º,56.54,106.96,163.50,09/10,OLY
67,67,01:03:18.013,01:03:29.093,94950,95227,Bazarova / Larionov,11,ðŸ‡·ðŸ‡º,56.54,106.96,163.50,09/10,OLY
68,68,01:03:29.093,01:03:29.973,95227,95249,Bazarova / Larionov,11,ðŸ‡·ðŸ‡º,56.54,106.96,163.50,09/10,OLY
69,69,01:03:29.973,01:04:33.413,95249,96835,Bazarova / Larionov,11,ðŸ‡·ðŸ‡º,56.54,106.96,163.50,09/10,OLY
70,70,01:09:04.254,01:09:04.854,103606,103621,Evora / Ladwig,10,ðŸ‡ºðŸ‡¸,57.86,114.06,171.92,09/10,OLY
71,71,01:09:04.854,01:09:06.494,103621,103662,Evora / Ladwig,10,ðŸ‡ºðŸ‡¸,57.86,114.06,171.92,09/10,OLY
72,72,01:09:06.494,01:09:09.734,103662,103743,Evora / Ladwig,10,ðŸ‡ºðŸ‡¸,57.86,114.06,171.92,09/10,OLY
73,73,01:09:09.734,01:09:10.894,103743,103772,Evora / Ladwig,10,ðŸ‡ºðŸ‡¸,57.86,114.06,171.92,09/10,OLY
74,74,01:09:10.894,01:09:12.014,103772,103800,Evora / Ladwig,10,ðŸ‡ºðŸ‡¸,57.86,114.06,171.92,09/10,OLY
75,75,01:09:12.014,01:09:14.734,103800,103868,Evora / Ladwig,10,ðŸ‡ºðŸ‡¸,57.86,114.06,171.92,09/10,OLY
76,76,01:09:14.734,01:09:24.894,103868,104122,Evora / Ladwig,10,ðŸ‡ºðŸ‡¸,57.86,114.06,171.92,09/10,OLY
77,77,01:09:24.894,01:09:31.694,104122,104292,Evora / Ladwig,10,ðŸ‡ºðŸ‡¸,57.86,114.06,171.92,09/10,OLY
78,78,01:09:31.694,01:09:45.375,104292,104634,Evora / Ladwig,10,ðŸ‡ºðŸ‡¸,57.86,114.06,171.92,09/10,OLY
79,79,01:09:45.375,01:09:48.055,104634,104701,Evora / Ladwig,10,ðŸ‡ºðŸ‡¸,57.86,114.06,171.92,09/10,OLY
80,80,01:09:48.055,01:09:51.215,104701,104780,Evora / Ladwig,10,ðŸ‡ºðŸ‡¸,57.86,114.06,171.92,09/10,OLY
81,81,01:09:51.215,01:10:38.815,104780,105970,Evora / Ladwig,10,ðŸ‡ºðŸ‡¸,57.86,114.06,171.92,09/10,OLY
82,82,01:10:38.815,01:10:53.015,105970,106325,Evora / Ladwig,10,ðŸ‡ºðŸ‡¸,57.86,114.06,171.92,09/10,OLY
83,83,01:10:53.015,01:10:54.215,106325,106355,Evora / Ladwig,10,ðŸ‡ºðŸ‡¸,57.86,114.06,171.92,09/10,OLY
84,84,01:10:54.215,01:10:58.015,106355,106450,Evora / Ladwig,10,ðŸ‡ºðŸ‡¸,57.86,114.06,171.92,09/10,OLY
85,85,01:10:58.015,01:11:03.495,106450,106587,Evora / Ladwig,10,ðŸ‡ºðŸ‡¸,57.86,114.06,171.92,09/10,OLY
86,86,01:11:03.495,01:11:04.815,106587,106620,Evora / Ladwig,10,ðŸ‡ºðŸ‡¸,57.86,114.06,171.92,09/10,OLY
87,87,01:16:02.736,01:16:09.896,114068,114247,Langlois / Hay,9,ðŸ‡¨ðŸ‡¦,64.20,115.77,179.97,09/10,OLY
88,88,01:16:09.896,01:16:10.776,114247,114269,Langlois / Hay,9,ðŸ‡¨ðŸ‡¦,64.20,115.77,179.97,09/10,OLY
89,89,01:16:10.776,01:16:17.856,114269,114446,Langlois / Hay,9,ðŸ‡¨ðŸ‡¦,64.20,115.77,179.97,09/10,OLY
90,90,01:16:17.856,01:16:22.016,114446,114550,Langlois / Hay,9,ðŸ‡¨ðŸ‡¦,64.20,115.77,179.97,09/10,OLY
91,91,01:16:22.016,01:16:26.096,114550,114652,Langlois / Hay,9,ðŸ‡¨ðŸ‡¦,64.20,115.77,179.97,09/10,OLY
92,92,01:16:26.096,01:17:05.376,114652,115634,Langlois / Hay,9,ðŸ‡¨ðŸ‡¦,64.20,115.77,179.97,09/10,OLY
93,93,01:17:05.376,01:17:45.216,115634,116630,Langlois / Hay,9,ðŸ‡¨ðŸ‡¦,64.20,115.77,179.97,09/10,OLY
94,94,01:22:14.017,01:22:14.617,123350,123365,Kostenko / Talan,20,ðŸ‡ºðŸ‡¦,39.54,81.44,120.98,09/10,OLY
95,95,01:22:14.617,01:22:26.897,123365,123672,Kostenko / Talan,20,ðŸ‡ºðŸ‡¦,39.54,81.44,120.98,09/10,OLY
96,96,01:22:26.897,01:22:27.497,123672,123687,Kostenko / Talan,20,ðŸ‡ºðŸ‡¦,39.54,81.44,120.98,09/10,OLY
97,97,01:22:27.497,01:22:28.977,123687,123724,Kostenko / Talan,20,ðŸ‡ºðŸ‡¦,39.54,81.44,120.98,09/10,OLY
98,98,01:22:28.977,01:22:34.697,123724,123867,Kostenko / Talan,20,ðŸ‡ºðŸ‡¦,39.54,81.44,120.98,09/10,OLY
99,99,01:22:34.697,01:22:35.537,123867,123888,Kostenko / Talan,20,ðŸ‡ºðŸ‡¦,39.54,81.44,120.98,09/10,OLY
100,100,01:22:35.537,01:22:41.097,123888,124027,Kostenko / Talan,20,ðŸ‡ºðŸ‡¦,39.54,81.44,120.98,09/10,OLY
101,101,01:22:41.097,01:22:58.377,124027,124459,Kostenko / Talan,20,ðŸ‡ºðŸ‡¦,39.54,81.44,120.98,09/10,OLY
102,102,01:22:58.377,01:22:58.977,124459,124474,Kostenko / Talan,20,ðŸ‡ºðŸ‡¦,39.54,81.44,120.98,09/10,OLY
103,103,01:22:58.977,01:22:59.577,124474,124489,Kostenko / Talan,20,ðŸ‡ºðŸ‡¦,39.54,81.44,120.98,09/10,OLY
104,104,01:22:59.577,01:23:40.937,124489,125523,Kostenko / Talan,20,ðŸ‡ºðŸ‡¦,39.54,81.44,120.98,09/10,OLY
105,105,01:23:40.937,01:24:15.098,125523,126377,Kostenko / Talan,20,ðŸ‡ºðŸ‡¦,39.54,81.44,120.98,09/10,OLY
106,106,01:35:48.020,01:35:48.620,143700,143715,Della Monica / Kocon,12,ðŸ‡®ðŸ‡¹,56.82,104.78,161.60,09/10,OLY
107,107,01:35:48.620,01:35:50.420,143715,143760,Della Monica / Kocon,12,ðŸ‡®ðŸ‡¹,56.82,104.78,161.60,09/10,OLY
108,108,01:35:50.420,01:35:52.460,143760,143811,Della Monica / Kocon,12,ðŸ‡®ðŸ‡¹,56.82,104.78,161.60,09/10,OLY
109,109,01:35:52.460,01:35:53.060,143811,143826,Della Monica / Kocon,12,ðŸ‡®ðŸ‡¹,56.82,104.78,161.60,09/10,OLY
110,110,01:35:53.060,01:35:57.860,143826,143946,Della Monica / Kocon,12,ðŸ‡®ðŸ‡¹,56.82,104.78,161.60,09/10,OLY
111,111,01:35:57.860,01:36:04.020,143946,144100,Della Monica / Kocon,12,ðŸ‡®ðŸ‡¹,56.82,104.78,161.60,09/10,OLY
112,112,01:36:04.020,01:36:04.860,144100,144121,Della Monica / Kocon,12,ðŸ‡®ðŸ‡¹,56.82,104.78,161.60,09/10,OLY
113,113,01:36:04.860,01:36:14.420,144121,144360,Della Monica / Kocon,12,ðŸ‡®ðŸ‡¹,56.82,104.78,161.60,09/10,OLY
114,114,01:36:14.420,01:36:15.020,144360,144375,Della Monica / Kocon,12,ðŸ‡®ðŸ‡¹,56.82,104.78,161.60,09/10,OLY
115,115,01:36:15.020,01:36:15.620,144375,144390,Della Monica / Kocon,12,ðŸ‡®ðŸ‡¹,56.82,104.78,161.60,09/10,OLY
116,116,01:36:15.620,01:36:22.660,144390,144566,Della Monica / Kocon,12,ðŸ‡®ðŸ‡¹,56.82,104.78,161.60,09/10,OLY
117,117,01:36:22.660,01:36:23.260,144566,144581,Della Monica / Kocon,12,ðŸ‡®ðŸ‡¹,56.82,104.78,161.60,09/10,OLY
118,118,01:36:23.260,01:36:31.660,144581,144791,Della Monica / Kocon,12,ðŸ‡®ðŸ‡¹,56.82,104.78,161.60,09/10,OLY
119,119,01:36:31.660,01:36:32.300,144791,144807,Della Monica / Kocon,12,ðŸ‡®ðŸ‡¹,56.82,104.78,161.60,09/10,OLY
120,120,01:36:32.300,01:36:36.260,144807,144906,Della Monica / Kocon,12,ðŸ‡®ðŸ‡¹,56.82,104.78,161.60,09/10,OLY
121,121,01:36:36.260,01:36:58.820,144906,145470,Della Monica / Kocon,12,ðŸ‡®ðŸ‡¹,56.82,104.78,161.60,09/10,OLY
122,122,01:36:58.820,01:37:02.780,145470,145569,Della Monica / Kocon,12,ðŸ‡®ðŸ‡¹,56.82,104.78,161.60,09/10,OLY
123,123,01:37:02.780,01:37:03.660,145569,145591,Della Monica / Kocon,12,ðŸ‡®ðŸ‡¹,56.82,104.78,161.60,09/10,OLY
124,124,01:37:03.660,01:37:57.860,145591,146946,Della Monica / Kocon,12,ðŸ‡®ðŸ‡¹,56.82,104.78,161.60,09/10,OLY
125,125,01:37:57.860,01:38:20.020,146946,147500,Della Monica / Kocon,12,ðŸ‡®ðŸ‡¹,56.82,104.78,161.60,09/10,OLY
126,126,01:42:28.261,01:42:28.861,153706,153721,Kemp / King,16,ðŸ‡¬ðŸ‡§,48.28,91.66,139.94,09/10,OLY
127,127,01:42:28.861,01:42:29.461,153721,153736,Kemp / King,16,ðŸ‡¬ðŸ‡§,48.28,91.66,139.94,09/10,OLY
128,128,01:42:29.461,01:42:30.741,153736,153768,Kemp / King,16,ðŸ‡¬ðŸ‡§,48.28,91.66,139.94,09/10,OLY
129,129,01:42:30.741,01:42:35.981,153768,153899,Kemp / King,16,ðŸ‡¬ðŸ‡§,48.28,91.66,139.94,09/10,OLY
130,130,01:42:35.981,01:42:36.701,153899,153917,Kemp / King,16,ðŸ‡¬ðŸ‡§,48.28,91.66,139.94,09/10,OLY
131,131,01:42:36.701,01:42:37.701,153917,153942,Kemp / King,16,ðŸ‡¬ðŸ‡§,48.28,91.66,139.94,09/10,OLY
132,132,01:42:37.701,01:42:44.301,153942,154107,Kemp / King,16,ðŸ‡¬ðŸ‡§,48.28,91.66,139.94,09/10,OLY
133,133,01:42:44.301,01:42:53.021,154107,154325,Kemp / King,16,ðŸ‡¬ðŸ‡§,48.28,91.66,139.94,09/10,OLY
134,134,01:42:53.021,01:42:58.981,154325,154474,Kemp / King,16,ðŸ‡¬ðŸ‡§,48.28,91.66,139.94,09/10,OLY
135,135,01:42:58.981,01:43:05.541,154474,154638,Kemp / King,16,ðŸ‡¬ðŸ‡§,48.28,91.66,139.94,09/10,OLY
136,136,01:43:05.541,01:43:12.022,154638,154800,Kemp / King,16,ðŸ‡¬ðŸ‡§,48.28,91.66,139.94,09/10,OLY
137,137,01:43:12.022,01:43:14.942,154800,154873,Kemp / King,16,ðŸ‡¬ðŸ‡§,48.28,91.66,139.94,09/10,OLY
138,138,01:43:14.942,01:44:06.342,154873,156158,Kemp / King,16,ðŸ‡¬ðŸ‡§,48.28,91.66,139.94,09/10,OLY
139,139,01:44:06.342,01:44:38.622,156158,156965,Kemp / King,16,ðŸ‡¬ðŸ‡§,48.28,91.66,139.94,09/10,OLY
140,140,01:44:38.622,01:44:41.062,156965,157026,Kemp / King,16,ðŸ‡¬ðŸ‡§,48.28,91.66,139.94,09/10,OLY
141,141,01:44:41.062,01:44:51.342,157026,157283,Kemp / King,16,ðŸ‡¬ðŸ‡§,48.28,91.66,139.94,09/10,OLY
142,142,01:44:51.342,01:44:53.022,157283,157325,Kemp / King,16,ðŸ‡¬ðŸ‡§,48.28,91.66,139.94,09/10,OLY
143,143,01:48:40.943,01:48:50.223,163023,163255,Morand / Dorsaz,15,ðŸ‡¨ðŸ‡­,55.34,89.08,144.42,09/10,OLY
144,144,01:48:50.223,01:49:07.703,163255,163692,Morand / Dorsaz,15,ðŸ‡¨ðŸ‡­,55.34,89.08,144.42,09/10,OLY
145,145,01:49:07.703,01:49:29.383,163692,164234,Morand / Dorsaz,15,ðŸ‡¨ðŸ‡­,55.34,89.08,144.42,09/10,OLY
146,146,01:49:29.383,01:49:32.623,164234,164315,Morand / Dorsaz,15,ðŸ‡¨ðŸ‡­,55.34,89.08,144.42,09/10,OLY
147,147,01:49:32.623,01:49:35.943,164315,164398,Morand / Dorsaz,15,ðŸ‡¨ðŸ‡­,55.34,89.08,144.42,09/10,OLY
148,148,01:49:35.943,01:50:24.023,164398,165600,Morand / Dorsaz,15,ðŸ‡¨ðŸ‡­,55.34,89.08,144.42,09/10,OLY
149,149,01:50:24.023,01:50:31.423,165600,165785,Morand / Dorsaz,15,ðŸ‡¨ðŸ‡­,55.34,89.08,144.42,09/10,OLY
150,150,02:17:55.109,02:18:05.029,206877,207125,Mukhortova / Trankov,7,ðŸ‡·ðŸ‡º,63.44,122.35,185.79,09/10,OLY
151,151,02:18:05.029,02:18:17.149,207125,207428,Mukhortova / Trankov,7,ðŸ‡·ðŸ‡º,63.44,122.35,185.79,09/10,OLY
152,152,02:18:17.149,02:18:22.269,207428,207556,Mukhortova / Trankov,7,ðŸ‡·ðŸ‡º,63.44,122.35,185.79,09/10,OLY
153,153,02:18:22.269,02:18:30.389,207556,207759,Mukhortova / Trankov,7,ðŸ‡·ðŸ‡º,63.44,122.35,185.79,09/10,OLY
154,154,02:18:30.389,02:18:31.389,207759,207784,Mukhortova / Trankov,7,ðŸ‡·ðŸ‡º,63.44,122.35,185.79,09/10,OLY
155,155,02:18:31.389,02:18:31.989,207784,207799,Mukhortova / Trankov,7,ðŸ‡·ðŸ‡º,63.44,122.35,185.79,09/10,OLY
156,156,02:18:31.989,02:18:35.029,207799,207875,Mukhortova / Trankov,7,ðŸ‡·ðŸ‡º,63.44,122.35,185.79,09/10,OLY
157,157,02:18:35.029,02:18:38.469,207875,207961,Mukhortova / Trankov,7,ðŸ‡·ðŸ‡º,63.44,122.35,185.79,09/10,OLY
158,158,02:18:38.469,02:18:44.029,207961,208100,Mukhortova / Trankov,7,ðŸ‡·ðŸ‡º,63.44,122.35,185.79,09/10,OLY
159,159,02:18:44.029,02:18:44.629,208100,208115,Mukhortova / Trankov,7,ðŸ‡·ðŸ‡º,63.44,122.35,185.79,09/10,OLY
160,160,02:18:44.629,02:19:27.029,208115,209175,Mukhortova / Trankov,7,ðŸ‡·ðŸ‡º,63.44,122.35,185.79,09/10,OLY
161,161,02:19:27.029,02:19:57.909,209175,209947,Mukhortova / Trankov,7,ðŸ‡·ðŸ‡º,63.44,122.35,185.79,09/10,OLY
162,162,02:19:57.909,02:20:04.909,209947,210122,Mukhortova / Trankov,7,ðŸ‡·ðŸ‡º,63.44,122.35,185.79,09/10,OLY
163,163,02:24:15.790,02:24:16.390,216394,216409,Volosozhar / Morozov,8,ðŸ‡ºðŸ‡¦,62.14,119.64,181.78,09/10,OLY
164,164,02:24:16.390,02:24:17.870,216409,216446,Volosozhar / Morozov,8,ðŸ‡ºðŸ‡¦,62.14,119.64,181.78,09/10,OLY
165,165,02:24:17.870,02:24:33.070,216446,216826,Volosozhar / Morozov,8,ðŸ‡ºðŸ‡¦,62.14,119.64,181.78,09/10,OLY
166,166,02:24:33.070,02:24:40.390,216826,217009,Volosozhar / Morozov,8,ðŸ‡ºðŸ‡¦,62.14,119.64,181.78,09/10,OLY
167,167,02:24:40.390,02:24:46.830,217009,217170,Volosozhar / Morozov,8,ðŸ‡ºðŸ‡¦,62.14,119.64,181.78,09/10,OLY
168,168,02:24:46.830,02:24:47.790,217170,217194,Volosozhar / Morozov,8,ðŸ‡ºðŸ‡¦,62.14,119.64,181.78,09/10,OLY
169,169,02:24:47.790,02:24:54.310,217194,217357,Volosozhar / Morozov,8,ðŸ‡ºðŸ‡¦,62.14,119.64,181.78,09/10,OLY
170,170,02:24:54.310,02:25:10.030,217357,217750,Volosozhar / Morozov,8,ðŸ‡ºðŸ‡¦,62.14,119.64,181.78,09/10,OLY
171,171,02:25:10.030,02:25:10.710,217750,217767,Volosozhar / Morozov,8,ðŸ‡ºðŸ‡¦,62.14,119.64,181.78,09/10,OLY
172,172,02:25:10.710,02:25:11.310,217767,217782,Volosozhar / Morozov,8,ðŸ‡ºðŸ‡¦,62.14,119.64,181.78,09/10,OLY
173,173,02:25:11.310,02:25:16.550,217782,217913,Volosozhar / Morozov,8,ðŸ‡ºðŸ‡¦,62.14,119.64,181.78,09/10,OLY
174,174,02:30:54.031,02:31:14.032,226350,226850,Kavaguti / Smirnov,4,ðŸ‡·ðŸ‡º,74.16,120.61,194.77,09/10,OLY
175,175,02:31:14.032,02:31:24.712,226850,227117,Kavaguti / Smirnov,4,ðŸ‡·ðŸ‡º,74.16,120.61,194.77,09/10,OLY
176,176,02:31:24.712,02:31:39.712,227117,227492,Kavaguti / Smirnov,4,ðŸ‡·ðŸ‡º,74.16,120.61,194.77,09/10,OLY
177,177,02:31:39.712,02:31:40.312,227492,227507,Kavaguti / Smirnov,4,ðŸ‡·ðŸ‡º,74.16,120.61,194.77,09/10,OLY
178,178,02:31:40.312,02:31:40.912,227507,227522,Kavaguti / Smirnov,4,ðŸ‡·ðŸ‡º,74.16,120.61,194.77,09/10,OLY
179,179,02:31:40.912,02:31:41.512,227522,227537,Kavaguti / Smirnov,4,ðŸ‡·ðŸ‡º,74.16,120.61,194.77,09/10,OLY
180,180,02:31:41.512,02:31:42.112,227537,227552,Kavaguti / Smirnov,4,ðŸ‡·ðŸ‡º,74.16,120.61,194.77,09/10,OLY
181,181,02:31:42.112,02:31:42.712,227552,227567,Kavaguti / Smirnov,4,ðŸ‡·ðŸ‡º,74.16,120.61,194.77,09/10,OLY
182,182,02:31:42.712,02:32:26.432,227567,228660,Kavaguti / Smirnov,4,ðŸ‡·ðŸ‡º,74.16,120.61,194.77,09/10,OLY
183,183,02:44:43.594,02:44:44.194,247089,247104,DubÃ© / Davison,6,ðŸ‡¨ðŸ‡¦,65.36,121.75,187.11,09/10,OLY
184,184,02:44:44.194,02:44:49.674,247104,247241,DubÃ© / Davison,6,ðŸ‡¨ðŸ‡¦,65.36,121.75,187.11,09/10,OLY
185,185,02:44:49.674,02:44:54.034,247241,247350,DubÃ© / Davison,6,ðŸ‡¨ðŸ‡¦,65.36,121.75,187.11,09/10,OLY
186,186,02:44:54.034,02:45:04.514,247350,247612,DubÃ© / Davison,6,ðŸ‡¨ðŸ‡¦,65.36,121.75,187.11,09/10,OLY
187,187,02:45:04.514,02:45:05.114,247612,247627,DubÃ© / Davison,6,ðŸ‡¨ðŸ‡¦,65.36,121.75,187.11,09/10,OLY
188,188,02:45:05.114,02:45:05.714,247627,247642,DubÃ© / Davison,6,ðŸ‡¨ðŸ‡¦,65.36,121.75,187.11,09/10,OLY
189,189,02:45:05.714,02:45:06.314,247642,247657,DubÃ© / Davison,6,ðŸ‡¨ðŸ‡¦,65.36,121.75,187.11,09/10,OLY
190,190,02:45:06.314,02:45:16.394,247657,247909,DubÃ© / Davison,6,ðŸ‡¨ðŸ‡¦,65.36,121.75,187.11,09/10,OLY
191,191,02:45:16.394,02:46:01.475,247909,249036,DubÃ© / Davison,6,ðŸ‡¨ðŸ‡¦,65.36,121.75,187.11,09/10,OLY
192,192,02:46:01.475,02:46:05.795,249036,249144,DubÃ© / Davison,6,ðŸ‡¨ðŸ‡¦,65.36,121.75,187.11,09/10,OLY
193,193,02:46:05.795,02:46:11.995,249144,249299,DubÃ© / Davison,6,ðŸ‡¨ðŸ‡¦,65.36,121.75,187.11,09/10,OLY
194,194,02:46:11.995,02:46:36.635,249299,249915,DubÃ© / Davison,6,ðŸ‡¨ðŸ‡¦,65.36,121.75,187.11,09/10,OLY
195,195,02:51:32.636,02:51:33.236,257315,257330,Pang / Tong,2,ðŸ‡¨ðŸ‡³,71.50,141.81,213.31,09/10,OLY
196,196,02:51:33.236,02:51:33.836,257330,257345,Pang / Tong,2,ðŸ‡¨ðŸ‡³,71.50,141.81,213.31,09/10,OLY
197,197,02:51:33.836,02:51:39.116,257345,257477,Pang / Tong,2,ðŸ‡¨ðŸ‡³,71.50,141.81,213.31,09/10,OLY
198,198,02:51:39.116,02:51:50.036,257477,257750,Pang / Tong,2,ðŸ‡¨ðŸ‡³,71.50,141.81,213.31,09/10,OLY
199,199,02:51:50.036,02:51:50.636,257750,257765,Pang / Tong,2,ðŸ‡¨ðŸ‡³,71.50,141.81,213.31,09/10,OLY
200,200,02:51:50.636,02:51:58.556,257765,257963,Pang / Tong,2,ðŸ‡¨ðŸ‡³,71.50,141.81,213.31,09/10,OLY
201,201,02:51:58.556,02:52:02.036,257963,258050,Pang / Tong,2,ðŸ‡¨ðŸ‡³,71.50,141.81,213.31,09/10,OLY
202,202,02:52:02.036,02:52:02.636,258050,258065,Pang / Tong,2,ðŸ‡¨ðŸ‡³,71.50,141.81,213.31,09/10,OLY
203,203,02:52:02.636,02:52:03.236,258065,258080,Pang / Tong,2,ðŸ‡¨ðŸ‡³,71.50,141.81,213.31,09/10,OLY
204,204,02:52:03.236,02:52:06.036,258080,258150,Pang / Tong,2,ðŸ‡¨ðŸ‡³,71.50,141.81,213.31,09/10,OLY
205,205,02:52:06.036,02:52:19.836,258150,258495,Pang / Tong,2,ðŸ‡¨ðŸ‡³,71.50,141.81,213.31,09/10,OLY
206,206,02:52:19.836,02:52:20.436,258495,258510,Pang / Tong,2,ðŸ‡¨ðŸ‡³,71.50,141.81,213.31,09/10,OLY
207,207,02:52:20.436,02:52:28.276,258510,258706,Pang / Tong,2,ðŸ‡¨ðŸ‡³,71.50,141.81,213.31,09/10,OLY
208,208,02:52:28.276,02:53:06.916,258706,259672,Pang / Tong,2,ðŸ‡¨ðŸ‡³,71.50,141.81,213.31,09/10,OLY
209,209,02:53:06.916,02:53:07.516,259672,259687,Pang / Tong,2,ðŸ‡¨ðŸ‡³,71.50,141.81,213.31,09/10,OLY
210,210,02:53:07.516,02:53:09.356,259687,259733,Pang / Tong,2,ðŸ‡¨ðŸ‡³,71.50,141.81,213.31,09/10,OLY
211,211,02:53:09.356,02:53:38.156,259733,260453,Pang / Tong,2,ðŸ‡¨ðŸ‡³,71.50,141.81,213.31,09/10,OLY
212,212,02:53:38.156,02:53:42.036,260453,260550,Pang / Tong,2,ðŸ‡¨ðŸ‡³,71.50,141.81,213.31,09/10,OLY
213,213,02:53:42.036,02:53:43.116,260550,260577,Pang / Tong,2,ðŸ‡¨ðŸ‡³,71.50,141.81,213.31,09/10,OLY
214,214,02:53:43.116,02:53:44.036,260577,260600,Pang / Tong,2,ðŸ‡¨ðŸ‡³,71.50,141.81,213.31,09/10,OLY
215,215,02:57:54.437,02:57:55.037,266860,266875,Zhang / Zhang,5,ðŸ‡¨ðŸ‡³,71.28,123.06,194.34,09/10,OLY
216,216,02:57:55.037,02:57:56.277,266875,266906,Zhang / Zhang,5,ðŸ‡¨ðŸ‡³,71.28,123.06,194.34,09/10,OLY
217,217,02:57:56.277,02:58:00.037,266906,267000,Zhang / Zhang,5,ðŸ‡¨ðŸ‡³,71.28,123.06,194.34,09/10,OLY
218,218,02:58:00.037,02:58:01.277,267000,267031,Zhang / Zhang,5,ðŸ‡¨ðŸ‡³,71.28,123.06,194.34,09/10,OLY
219,219,02:58:01.277,02:58:06.677,267031,267166,Zhang / Zhang,5,ðŸ‡¨ðŸ‡³,71.28,123.06,194.34,09/10,OLY
220,220,02:58:06.677,02:58:30.277,267166,267756,Zhang / Zhang,5,ðŸ‡¨ðŸ‡³,71.28,123.06,194.34,09/10,OLY
221,221,02:58:30.277,02:58:31.117,267756,267777,Zhang / Zhang,5,ðŸ‡¨ðŸ‡³,71.28,123.06,194.34,09/10,OLY
222,222,02:58:31.117,02:58:31.717,267777,267792,Zhang / Zhang,5,ðŸ‡¨ðŸ‡³,71.28,123.06,194.34,09/10,OLY
223,223,02:58:31.717,02:59:13.557,267792,268838,Zhang / Zhang,5,ðŸ‡¨ðŸ‡³,71.28,123.06,194.34,09/10,OLY
224,224,02:59:13.557,02:59:14.157,268838,268853,Zhang / Zhang,5,ðŸ‡¨ðŸ‡³,71.28,123.06,194.34,09/10,OLY
225,225,02:59:14.157,02:59:14.757,268853,268868,Zhang / Zhang,5,ðŸ‡¨ðŸ‡³,71.28,123.06,194.34,09/10,OLY
226,226,02:59:14.757,03:00:07.238,268868,270180,Zhang / Zhang,5,ðŸ‡¨ðŸ‡³,71.28,123.06,194.34,09/10,OLY
227,227,03:00:07.238,03:00:16.398,270180,270409,Zhang / Zhang,5,ðŸ‡¨ðŸ‡³,71.28,123.06,194.34,09/10,OLY
228,228,03:00:16.398,03:00:16.998,270409,270424,Zhang / Zhang,5,ðŸ‡¨ðŸ‡³,71.28,123.06,194.34,09/10,OLY
229,229,03:05:04.039,03:05:04.639,277600,277615,Savchenko / Szolkowy,3,ðŸ‡©ðŸ‡ª,75.96,134.64,210.60,09/10,OLY
230,230,03:05:04.639,03:05:05.599,277615,277639,Savchenko / Szolkowy,3,ðŸ‡©ðŸ‡ª,75.96,134.64,210.60,09/10,OLY
231,231,03:05:05.599,03:05:10.599,277639,277764,Savchenko / Szolkowy,3,ðŸ‡©ðŸ‡ª,75.96,134.64,210.60,09/10,OLY
232,232,03:05:10.599,03:05:11.599,277764,277789,Savchenko / Szolkowy,3,ðŸ‡©ðŸ‡ª,75.96,134.64,210.60,09/10,OLY
233,233,03:05:11.599,03:05:41.919,277789,278547,Savchenko / Szolkowy,3,ðŸ‡©ðŸ‡ª,75.96,134.64,210.60,09/10,OLY
234,234,03:05:41.919,03:06:47.639,278547,280190,Savchenko / Szolkowy,3,ðŸ‡©ðŸ‡ª,75.96,134.64,210.60,09/10,OLY
235,235,03:06:47.639,03:06:58.079,280190,280451,Savchenko / Szolkowy,3,ðŸ‡©ðŸ‡ª,75.96,134.64,210.60,09/10,OLY
236,236,03:06:58.079,03:06:59.399,280451,280484,Savchenko / Szolkowy,3,ðŸ‡©ðŸ‡ª,75.96,134.64,210.60,09/10,OLY
